address,quantity
0x8FD30B959B5C0A19B598cf91F69218A7b3B43e28,333333
0x901dFe1d1eDC3F55b1B94B51fB2d7387ba2aaA96,333333
0x90Bf1DFCb7A7ee8ED6377AA72166e7450F75F7Ef,333333
0x91dc9178978c0999d6445deb4e4b9ae975fa2600,333333
0x923ea27a60558453A405EF19a0ee33484a2492df,333333
0x92709CE34d379aB21FE768fEa7F398e76D4750eD,333333
0x92811c982c63d3aff70C6c7546a3f6bDE1D6d861,333333
0x92ae60fdfcc6b119f0bdd1095d6526b9ad971b18,333333
0x938ce387E2b0F8720D898008BD539fb51fb92120,333333
0x93d0d4b87B3cBd6f3f91D456bb9006C12CB14a4C,333333
0x9412976973BEa57d61278cf9D5fA8084071179c6,333333
0x953f6740220f03E59C2E6624FA61CFeE534CE5cF,333333
0x9554006687DA32F058BbBe69fc0edc3a1a132EF2,333333
0x95bB9E2e8D3C544FF53692145b4eF3F40da86d24,333333
0x96508874B53Bc73f68017a8e5fa10F73DfC797A7,333333
0x9678d6c9e81df24c546042c3995c6e6786f184d2,333333
0x96B85D3Eb19D4a64Ee05dA12eE9a395457a5f1bD,333333
0x971a6da29c0103d8ad1bc46b884b8abff9d66514,333333
0x97CC67C60DD468Fe11a787DE07e874136996F999,333333
0x97E768a6263f64F1cF925D8AfB97d85083ba53Cf,333333
0x9844Ab52a3Ef95B112f19BD94D2cc278D9c66EA3,333333
0x985a59f7eD08214C8c1AE680a39FBFAeAb386c1d,333333
0x987bF39be77d935422E9804622c331216D7cf573,333333
0x987C1fF036e490dff3Ab9ccdC8AF1C0072c9BAfC,333333
0x98A13E5c4091cb94090b45448EC6822836bA79B7,333333
0x98C3E843692e616E83bA1932Bf0BB95388E9Cb9c,333333
0x99478bE73301fD443440a94cD420cB89CC8bA209,333333
0x9A17911e25Ec92f87ca0E136e7Ad03f3fe93Aa6a,333333
0x9a8a74f0b1dd90960ed9c22c9050bbe2d705e12a,333333
0x9BD47354FC1e9B67bB2e1Ba2BCdEeFb53f96F3Ea,333333
0x9bEe988bf4Ed024fcb27E6D0a0169D970E0B94ED,333333
0x9bffBB3ab7183EBe915357bbc443440cAeAb0042,333333
0x9c94f380cE8e025E7a6875DEAdd23D2011950A6f,333333
0x9d3d773D544d633aE29e8f692bd3888cC66a31EE,333333
0xa0F9C65b17f708fdd46855b0799485646b4b53A7,333333
0xa12a878a844676C3EbFaF2BBa0335bDEEc64aAcE,333333
0xA190A55C245Fb31fd97A8E4d7e6278F9e4147578,333333
0xa1AdD90262B59cE69845a5F82360A93D9dc73C68,333333
0xa25260EB0bFd4D38dAf65eDB909530e8e075b800,333333
0xa3af4B9055a2D376643EDb1A723E0339A4c534B2,333333
0xA43711F5DCc3559a1E07eC124fd167e26c9BaD43,333333
0xA57A27175e54DB16dDEB2cD096bE25916698a911,333333
0xa64AA270c1d4dCADbC014515b25dD18aeA78649a,333333
0xa6B280B42CB0b7c4a4F789eC6cCC3a7609A1Bc39,333333
0xA6e6fA716b55A08f3F75E8B99D954725Bbf56927,333333
0xa703E259CEC93a8B75c09dC55985CED2511488B6,333333
0xA72455e75A2a123B93F22F39b28245eb294E8Feb,333333
0xa78b5760b4f2e0b4edb12f06b943c0766f87f045,333333
0xA804FDe9aB2d338242Bf330F5c671D2c8Ee25A16,333333
0xA83234D4D65Ff8D20a5A76Fb2fDdd120510E714a,333333
0xA867c74266E71d2d8a41178615c95C6e578350D0,333333
0xA886135Fb4Ed36BC0dAB295C0fde3dFCf516adc3,333333
0xa9542a321a101407616b9c8731391a7833471d4f,333333
0xa95f856F2835AE2a61B2360b3de4F0Ff2B39d91B,333333
0xA9E2cB2Cb0cFD650e0b91cb861eed2E8CBE0558c,333333
0xa9ef8834CbC709d5b09352BF73b1889958C1eaFF,333333
0xa9f5fc8C95E762537764FB5BF7F7e7DBDE5F69ba,333333
0xAA60eCac8BD313f901b86ff2A699126e86cD01B5,333333
0xaa9cf70d0cc373a8f846eae946213af87f5f2353,333333
0xab8Fd4C773F79eb6fCe87c0612b0473b2a408e70,333333
0xaC34140541f972C0b3d784014B8CF18fFc0fe2f0,333333
0xac71bc782fff0034675e08130f3b9cc9e605d022,333333
0xac8Bb3CF161A5BbF1D8e005D034a1BD975699514,333333
0xAcABb450e5DeeF036bdB86b4233C75a76EF29C05,333333
0xAD10d62E73aE041141B182289e3c39a60Fe35515,333333
0xaf9c97a908Cc612d2A59c27BfAe8ABB51be6445E,333333
0xaF9dd81c5cAF67cfeD15e15e5FB590D5bb08Aed4,333333
0xaFc02Fb3b19aEE0693dB770e26dAE1C53c720A24,333333
0xaFF0AEDDAE394751fED40293d545F27de067F21f,333333
0xb1607E8fcEAd1e10317bdA673691CbB274d653F4,333333
0xb1aa883ea810c1cb3bb3558e5e43e7a2832d2b3a,333333
0xb38Ef140528E1CBA575E960b6198ebCD31C9aF73,333333
0xB3A1313a9F85f4ad0c5D95E5558A0DFd8a2cc09E,333333
0xb401873591E1fb5859878146A6245064281Efdb1,333333
0xb407F29d00e0B824BCC28bD2dceCc7dF0664532C,333333
0xb4ABC5E6ef585D05e3619542741f358d57077060,333333
0xb4eAcF57FE639BdAE0103bb0a61E60B5AE3e9Aeb,333333
0xB6410dE8a11361BC10D75ADc3b70b4cF07dBf509,333333
0xB73016FA6e4539f3c8De79422d9607EA562210bC,333333
0xB77ce6ec08B85DcC468B94Cea7Cc539a3BbF9510,333333
0xb7B5831A51981e1bb6378C6dC2D02223F9EC117d,333333
0xb7e7a8c4357787d592e4d4d6cee52fce2a6b1983,333333
0xB8Eb6E812ea72AaDEa42209217Ef85DB28805945,333333
0xB94eD13e82F3e023c9a4F8Bfa3ae222230934EFC,333333
0xB98FecABD335700e3aCA6B246A238A55cfA1db2E,333333
0xb9bf3024b0df8a308067294129d64a7c62a84258,333333
0xb9d47af106fa6Cf1766CB08E9fB685748f294aa4,333333
0xb9d5fF7bA66553841090ca712D0079377e39870d,333333
0xb9eD1AF2a975984676103970E80F3151f01C5108,333333
0xbb934C6e217dF83D98FD71545863764fa64f93dF,333333
0xBBc84fe4d79516DA3466e7BFB82c56891D9FFaDe,333333
0xBBeec882b07d785A79bC3dB4c7D4a5dFF7AC258A,333333
0xbC0699fba37a15C8341dB6643FF061dea13F857b,333333
0xBcD42e3646884D6Bf3c46b23D0add45251Fc503A,333333
0xBd5678481143b4F757d240deeF122A954f480A05,333333
0xBd6239C56a7127CD583b10eD460c4E73BC91b866,333333
0xBD8f09B3E170C9B5759054509367816cb50eCae0,333333
0xbdb0fc296dc3f32611591b13bd76aeba155bc765,333333
0xbdd7faC0CC8b5059678b80707Ea1534c02E0433E,333333
0xBe0Da2610d15bF174F27c595c8DFc0593B4c79B1,333333
0xBE125edb52B8a2DC43FCC2eD71448CDb624F3403,333333
0xBe832cd78ae86A4CdB2B502894025D33FEB847A3,333333
0xBe97D1D2e40e81973be5Fe7bb2f61f577130a1A4,333333
0xbEdC6D32919d22033053a27D02ACCbfb7F2776fB,333333
0xBeEA01031dA2192F9620e33ceb77Df2d90AF0D68,333333
0xBf07Cd1be1e7130eb43C455092E165c0FAB3Ce40,333333
0xbf1C6dd98A7c540198F474a5e1709A2232c4ece9,333333
0xC03d8DB64dfe98ebFD94a84bc1f825CAB90EE15B,333333
0xc05cc603bc49e772b23d1fb5ce1064d54df7ff72,333333
0xC06c4c77AEa7c34e457137E2D07461C7a9E401E0,333333
0xc06eDa302d3175D8a119cfd02352578F9891b0C4,333333
0xC109b495224940E6Cc020e81E76c18aDC937C644,333333
0xC24e5eAD9b9670e0588f16cd7ed5a5E039C399A7,333333
0xC25754B268DC3c14fC2c0d95c3c9E30132acC6b4,333333
0xc350E84FBf806b5CE4195d238680829234472f61,333333
0xC3BcDe16e0D21f37Bbc1142278D33E9fA99B8d5c,333333
0xC3e9340BDa8d9772aC2fd57743F864A81a9C281a,333333
0xc404fab9c39b0b839e03593933b0679b045b728e,333333
0xC472A638fcd58dE9Db4dAE8A70d4e1c7bF8B211E,333333
0xc4cF7b33aEae08746fea22D34f53c4D04609b56c,333333
0xc627Fd4bEc977b2845057E64153bbdBC88EF9333,333333
0xC6bD4cBba91874a3Cd6A4630686697CdE2aDc32d,333333
0xc8b19a6D2AE5C77C2E6Ff5A7cB03fe683236413d,333333
0xC9760b55578Ef1326bF7Aa70e489cEFe75ecE925,333333
0xC999f5f0Aec56f7988633B0158d2e206EB8dDB90,333333
0xC9bF460DA93685Cf14A213f04D36Ba75C0B3908d,333333
0xca888F977EC471bDF9C182552b7Afa3F249C4e63,333333
0xCb433105E076CF42FFAAb1e37e03755287f42DD5,333333
0xCC9b92B8103369Fa4a159812433A3A643A02C9B0,333333
0xCCFc50795a2502A9081dCa17d193F3997F9FaE63,333333
0xCDcd632B22c42d440A7d7C764e859C8B0fC26e1E,333333
0xCe1e9C17651500A6da287607020ed6Cf07CAA3F8,333333
0xce73d12d7e7CBA4d71858fCa2063423124Be39b0,333333
0xCEa5B6EB810cc4B42db71bf5f80CD0c1E890C53b,333333
0xcf1a1b5F25469dFE1C1628FE343D1BBF4316C2be,333333
0xD0750b0449749d1F22701Cf91A44b572860C9b14,333333
0xd0e1dCf71E24eA4bd5d586cfb14EB91f30A06f50,333333
0xD0E5CfD17630003866c3466792474416828b7382,333333
0xD1C6e75fb9f89dB9317119d2c61DEA010F1FF660,333333
0xD2D2c628126a4D76077cCb84bB6eFBe0d0D720Fe,333333
0xd37FCa46f61bf96B64dF527d5CEB653fFe596703,333333
0xD3b23d0ACB9c59C3A95E52a0EFB66325F9920050,333333
0xD3c395dc25219CcE88397600D8092D23343509F7,333333
0xD4C5808B5EeD5Bdac84ce8dAb31e4345F24dF4dc,333333
0xd5c4063DBe1F504126D052D73422aD3830b87D79,333333
0xD695a7Cd2f091763f05952CD093826c540b17190,333333
0xd759fEaad7A7863f46503A2EAB403e5127887e95,333333
0xD8C2dE1cFe78Ab15507B902784512FDa39502348,333333
0xd9C63d8D148e9c059265753dB8529F9372540F29,333333
0xD9D48492ce0FF4E4A842039aE2AC0D068b65A91e,333333
0xDa8Ac8Cac7631064Ffd63B7bD4a19ae6C89CDE3F,333333
0xdb8F07eCcAE007fe5d204a2190c21BF9F011E125,333333
0xdbD500AC59A38f7fCA3471f40473Db9994229Ba9,333333
0xDCffb983a2d59f45718AFDf5029EFCF30A7c85A6,333333
0xDD2E815764cD0B3eF323570Cd2B1FEe301cb2116,333333
0xdd476ce146e21346e04ea82f89c1d341c506c4a6,333333
0xDf12F4Db076d9A98bdAf59Af57C2ca27FbF70d2c,333333
0xdf97d77f0c84c319Cc95dBc17476964F6239BF4C,333333
0xe26c4221f19135de88Ca6420EE70256585D9CDB9,333333
0xe2f29fd007d5034ab039d8ba67781d4f3d889ea3,333333
0xE38A2623B6eCABd6A49EE8484fA6ba9C79868b4E,333333
0xE431F57Ae2d6a3303E17478fDE9aA499D8C6D96E,333333
0xE51F3125De131C3d98d1A47491722734A6e2cf7f,333333
0xe559aaa6197a296c0be694e113ab040928631e80,333333
0xE659f377Ad783b4B45DD91EB68c4490Ab336b724,333333
0xE7448d09Ac439D3735A162C937dE5aC7F998e7dE,333333
0xe773147d27d42a34419075c5508d4b289c2971bd,333333
0xE7C318BcCbD3842af450dF5BDB4AA28479662c0A,333333
0xe878386e976f10F5A4F2A17ae2877E0626E756f7,333333
0xEAbC82A1e911Bbb41a0fBB218A64Cc33666D80e9,333333
0xeb268c500515B6191f0100D9c60B44F6126E9dA7,333333
0xeC4aDce69a20113982eE082B08f66554b6ad603c,333333
0xEc863512dB79f61CA7cDE4110F3eC9A5D3A027BC,333333
0xecb35E9Cf20466a3F76772b6053b2dCF93Fd7C1B,333333
0xefA5336479035c8303934873F7c683361c9c15f4,333333
0xF066F58239fd907713a7235B30D124bD2F968918,333333
0xF130a9d746B563E9dFfF390F45c9a68B454E4D82,333333
0xf148Da336e1678C502BCa202250d8b3D922Fc20a,333333
0xf1D1261b4b0517D4CBcF66E6bb6aDD67784dFe80,333333
0xF2538967443e05bbaedEFFC4b1bb6F0f2e1745aE,333333
0xf3339936CB5d16eF6eC5dF4f825820011e4BB741,333333
0xf4072ddbcef044743ec21dec816ac5d0b80bbb06,333333
0xf47a5fB35E4d746c14835d79C8a515830dE30FC7,333333
0xf49249407462d792E01Fb4acDbd2E6Dc8bA79B0E,333333
0xF511364B3B15c3DeA571c56627d33aBBeD858EBf,333333
0xF5166451B7d805E30fcd50fA9aE8d587ED30ef96,333333
0xF5D21b280b333A27119c526ef88E1Cd654DDe1D7,333333
0xf727f84228F9bF2086b00f92F291f6a4cbbb6262,333333
0xF73Bd3BE776B07e3B73fa3F35E5aef4E46Fe8083,333333
0xF755563a6dD12209B4Ee7ff1a64cDDAC93964a17,333333
0xF76899911C6a8CE03e1AF12b4cF2B25554234e4a,333333
0xF9fa2087E10e23EB06158b59652679FAfd66D9c2,333333
0xfa33E293EF036d380C51A101C01274F475aaaD7C,333333
0xFA58782992BC7321C0e344AB18Ea7e459354f324,333333
0xFb0fdb59dEdc269f895A90E6bEfaab25CE55D6BD,333333
0xfbc513b231f1aab309a3dff8111f77538f297008,333333
0xfbf6acdff9f1464ab011168906579e33eb6a3b4a,333333
0xfD2FE0543a3707FCF25A692AA418099F59b7F07B,333333
0xFD93216853d1cdA1843b29b755918c484c6C73e0,333333
0xfeAF7c4935dB62523f754E7821cF625ED54651b9,333333
0xFf1575e66b4A4f18d68AFea588bb76df7f20a10d,333333
0xfF7116560005A341F809Bb6405260bbb0f2a1B45,333333
Ox0e1f23C9CE7373d4993BC79D320b7CF3OBb3FEA4,333333
0xAE1A1CDB13Ec86506831531D9e52456b2c0eb625,333333
0xeeA90Ac8C06C1d1B76C4332C12CeAe927aad2E69,333333
0x4852B66CBc4107e894111b06b0f983fAAbb460fc,333333
0xe19CCcD55330c0013096CC4c2Fd6dAB4eD20D829,333333
0x64852aF18feAD6E2677b26E6bCdA95Ca166A4f9D,333333
0x448074322E285320638316748dE4C3DBa0a39E61,333333
0xD9023b28Ba7f7B4a35E4bAdf3849Ebf7f3324402,333333
0x6b310b1Bf524388a9b80ea9AFf800d14777a3382,333333
0xec706493b641B63a6F6B48B08AE2469069633f9d,333333
0x4B227869E62020b503d792e5109059397EB76509,333333
0xA6B47044C402D2A3Fa75C9230301624716dedd9B,333333
0x446De4351ac0247D587e00c4a6F5fB42B3903972,333333
0xb8Bf1815D9DC9A52d225b37F3BD069D71CACD2Fa,333333
0xf09197dce297EfF31Cb89e3e4C3Ad9C976ec86b5,333333
0x6e1846D3f244b08D365Fafca3f2Bb5F65D91584c,333333
0x7D9ede344F78c2fa86f567072E12E1483423c6BE,333333
0x83Cce8fE91a30c35622772bc7ef4c2Be3d19C25e,333333
0x88B04b785B8492538fb19a122Bb43bCd42470685,333333
0xB4907646eC560acECA630DA189c89167A4dC5D73,333333
0x5601c4028dA9c4cF910Dc43E2310f906f143c447,333333
0xC1D59E5FA3c21b532D45F747723B7b557e9a2580,333333
0xaD5DBD9a843801164732353f8555A90db13dC0cd,333333
0x31210de9a816e21e7e5875827ea15bf15ce12381,333333
0x7Ac43F92cd20a4DFBBf970c7035B671E842DB0cd,333333
0xc4793428f35BD230A7F64F794018956E89A82B1F,333333
0xfed8Da1BADD58a073b0E2ae7FDc6fbb5C0d5185e,333333
0x05Cf9afB19322C2C297892094C5e57B37FD97dEB,333333
0xf1446A101909365Ab89CC4322704B92F0cF582Ff,333333
0xD85406790951DDFa23Db571183063251048eE50E,333333
0xd60Eb228797132aa95fc30F2a0b7C55FB8fc7CAb,333333
0x7eC2C1Ec19317c3b5f4cBc9362C8AD7197D69c35,333333
0xF57f0a8AB90FBE074072A9FD641806a0085407Ed,333333
0x5486c84e9cd8923b7352216db896fb928f353541,333333
0x4C2ed9E7Dc4301343a9EDB4f1EC1f9D503DEdAb9,333333
0x7BF7F62BB70fD461b0F5c258D1b329C3E18439a9,333333
0x9E7f237617ef3BDc3a1933440e5ee24E4380805f,333333
0x85B14C92840c728cC21f4C6dA8CA610A8e3c13B7,333333
0xE6fAF980d402B045C4Fc18454285f1e940D26278,333333
0x2E9f864493035230f75d729706d5d58CAAb01fAe,333333
0xa9f09C1e61217448AfBf4f9cf467BAeFe1D4E79D,333333
0x184A03F1e3C2a59Fa1F7791bbbcA302668caCA3C,333333
0x8029906fd001e4E8816531958fBff060Ff918dc7,333333
0x6EB9F1546713374c9a5cf3F5089B229acF092039,333333
0x323061Ed528EaFF54f270a82B9867784746E8BD2,333333
0x56154612Bcaa7AD754ab2e342570D5A0Fa8333CE,333333
0xa65ab6f1152338857a80af5bf8a227284970c0a4,333333
0xF7d26a5A0E6D00d13e14C04F2034cACD01d542C6,333333